id_ponto,Data,Cliente,Fazenda,Talh√£o,Gleba,Lat,Long,Profundidade,Ponto,pH H2O,pH CaCl,pH SMP,P meh,P res,P total,Na,K,S,Ca,Mg,Al,H + Al,MO,CO,B,Cu,Fe,Mn,Zn,SB,t,T,V %,m %,Ca/Mg,Ca/K,Mg/K,(Ca+Mg)/K,Ca/t,Mg/t,Ca/T,Mg/T,K/T,(H+Al)/T,(Ca+Mg)/T,(Ca+Mg+K)/T,Argila,Silte,Areia Total,Areia Grossa,Areia Fina,Cascalho
0,05/05/2025,glauber,ribeirao,pivo,gener,-19.4009306850444,-47.39441170100959,,,6.4345026,5.737597,,,71.118996,,,44.481716,3.6229255,3.2710106,1.0643042,0.0,2.2583663,2.9491217,,0.5481174,0.61953443,27.935028,6.7102137,2.4659739,4.447055,,6.705421,66.25236,0.0,3.084233,44.338978,,,,,,,,,,,50.350903,28.058851,,,,
1,05/05/2025,glauber,ribeirao,pivo,gener,-19.400043975761715,-47.39446417426024,,,6.4171553,5.744935,,,55.766277,,,55.046238,3.305376,3.0235832,1.0288341,0.0,2.2488751,2.8393168,,0.560753,0.6310051,27.56342,6.7319865,2.483407,4.191154,,6.440029,65.04588,0.0,2.9488263,27.879982,,,,,,,,,,,49.018036,28.818138,,,,
2,05/05/2025,glauber,ribeirao,pivo,gener,-19.399141039793157,-47.394450957440625,,,6.4016447,5.7355523,,,70.435936,,,53.565002,3.3763595,3.0390403,1.0575117,0.0,2.2602084,2.810558,,0.5887631,0.6586423,27.031698,6.8279047,2.535661,4.2317004,,6.491909,65.18747,0.0,2.887235,26.290289,,,,,,,,,,,49.57409,28.334341,,,,
3,05/05/2025,glauber,ribeirao,pivo,gener,-19.398238103726328,-47.39443774135829,,,6.403136,5.7163343,,,96.345604,,,47.4094,3.5409606,3.0994143,1.0953423,0.0,2.2613742,2.738476,,0.63213384,0.6957562,26.279863,6.767847,2.5488014,4.313961,,6.575335,65.6437,0.0,2.8408144,27.826715,,,,,,,,,,,50.35613,27.423204,,,,
4,05/05/2025,glauber,ribeirao,pivo,gener,-19.397348092096493,-47.39438283168513,,,6.3296833,5.6744523,,,73.05739,,,48.680614,4.5093646,3.1437054,1.0919721,0.0,2.3783042,3.1530395,,0.67179024,0.72450155,25.59941,6.539676,2.5039613,4.358876,,6.7371807,64.75684,0.0,2.901179,28.568684,,,,,,,,,,,50.3582,28.160362,,,,
5,05/05/2025,glauber,ribeirao,pivo,gener,-19.40276532397596,-47.39355223020685,,,6.3534465,5.6695747,,,69.64496,,,60.296608,5.7943063,3.2510865,1.0812913,0.0030067535,2.4611151,3.0524552,,0.5337173,0.6144755,29.107418,6.914431,2.5132625,4.4854164,,6.949538,64.559395,0.03998982,3.030254,31.645973,,,,,,,,,,,52.81334,26.044952,,,,
6,05/05/2025,glauber,ribeirao,pivo,gener,-19.40186238767312,-47.3935390164164,,,6.4460835,5.716662,,,76.83991,,,38.684704,4.1472464,3.436934,1.0810425,0.0016538842,2.2967303,3.0493107,,0.5323374,0.60269713,28.524475,6.592984,2.4130979,4.6149707,,6.913355,66.7501,0.02199666,3.1880445,56.674007,,,,,,,,,,,51.56471,27.252502,,,,
7,05/05/2025,glauber,ribeirao,pivo,gener,-19.40095945127202,-47.393525803363,,,6.523862,5.7609434,,,82.308426,,,23.267578,2.8042266,3.617898,1.0989012,0.0,2.1457727,3.0759876,,0.5318537,0.5922829,27.942804,6.2835,2.3180003,4.773823,,6.9195952,68.956375,0.0,3.2923114,77.09189,,,,,,,,,,,50.589184,28.223215,,,,
8,05/05/2025,glauber,ribeirao,pivo,gener,-19.400056514772658,-47.39351259104663,,,6.4206424,5.754006,,,47.58982,,,57.545135,3.1629086,2.9623418,1.0158411,0.0,2.238049,2.8159094,,0.5419369,0.6003535,27.549475,6.2859225,2.326752,4.1231685,,6.3612175,64.80335,0.0,2.9212637,24.643763,,,,,,,,,,,48.43568,29.253109,,,,
9,05/05/2025,glauber,ribeirao,pivo,gener,-19.399153578175042,-47.39349937946727,,,6.381366,5.7391987,,,67.878746,,,53.48694,3.2290087,3.0200117,1.0521541,0.0,2.2305977,2.7851746,,0.5769935,0.63967997,27.040195,6.606045,2.452029,4.2074513,,6.438049,65.36706,0.0,2.887278,25.66249,,,,,,,,,,,49.644394,28.446587,,,,
10,05/05/2025,glauber,ribeirao,pivo,gener,-19.398250641479173,-47.39348616862491,,,6.41985,5.722445,,,105.48282,,,46.347336,3.4177327,3.0925364,1.0995786,0.0,2.2346122,2.6294458,,0.64161205,0.69727343,26.035486,6.61067,2.499349,4.30838,,6.542992,65.86965,0.0,2.8215077,27.378021,,,,,,,,,,,50.53984,27.097603,,,,
11,05/05/2025,glauber,ribeirao,pivo,gener,-19.39734770468505,-47.39347295851952,,,6.271469,5.6257195,,,47.80431,,,44.37956,6.215233,3.2047794,1.0786049,0.0,2.5127232,3.6319468,,0.7178966,0.7446888,24.80567,5.9507933,2.3358366,4.3958893,,6.9086127,63.662563,0.0,2.9877656,30.29583,,,,,,,,,,,50.491478,29.262278,,,,
12,05/05/2025,glauber,ribeirao,pivo,gener,-19.39644476779269,-47.39345974915109,,,6.26715,5.6126676,,,50.292984,,,48.373642,5.9249682,3.151643,1.0710179,0.0,2.5028608,3.5536404,,0.7021103,0.74282855,25.063618,6.2654943,2.4354792,4.345758,,6.848619,63.44875,0.0,2.972268,28.196384,,,,,,,,,,,50.125214,28.82162,,,,
13,05/05/2025,glauber,ribeirao,pivo,gener,-19.39562099983883,-47.3933703964871,,,6.2903175,5.603438,,,64.967255,,,56.068584,4.7999363,3.0239666,1.0491632,0.0,2.4162097,3.2065444,,0.61411434,0.73883295,26.508415,8.117365,3.0327933,4.216503,,6.6327124,63.527603,0.0,2.9352047,24.29959,,,,,,,,,,,49.288574,27.550018,,,,
14,05/05/2025,glauber,ribeirao,pivo,gener,-19.40366713339628,-47.39260303251703,,,6.2761564,5.6419086,,,72.623955,,,61.944324,7.854069,3.2433593,1.0830649,0.0044543375,2.5142696,3.0603738,,0.5293308,0.62106156,30.15156,7.1922774,2.5925004,4.483408,,7.0021324,64.01574,0.059242688,3.0220008,26.024647,,,,,,,,,,,53.169918,25.818779,,,,
15,05/05/2025,glauber,ribeirao,pivo,gener,-19.402777859899857,-47.39260063053363,,,6.366913,5.6754327,,,60.16399,,,84.327415,5.4253917,3.2128527,1.1427698,0.00073623884,2.4992833,3.1738422,,0.5274084,0.6111543,29.764633,6.945797,2.5138218,4.5714073,,7.071427,64.6443,0.009791977,2.822249,16.62925,,,,,,,,,,,53.77813,25.12628,,,,
16,05/05/2025,glauber,ribeirao,pivo,gener,-19.401874922968194,-47.39258742198433,,,6.3714986,5.6725497,,,68.355736,,,60.59047,5.5811734,3.2382576,1.0746815,0.0022794236,2.462977,3.0358603,,0.52306396,0.5897881,28.796425,6.4121704,2.3469975,4.466728,,6.9319844,64.42553,0.030316336,3.0383906,31.826923,,,,,,,,,,,53.03524,25.739477,,,,
17,05/05/2025,glauber,ribeirao,pivo,gener,-19.400971985938273,-47.392574214171795,,,6.450002,5.708081,,,82.938385,,,44.88724,4.462595,3.2856913,1.0449951,0.0020140046,2.4410236,3.002113,,0.5132,0.5582315,27.709532,5.663854,2.1123247,4.4436874,,6.886725,64.55192,0.026786262,3.1628087,42.019154,,,,,,,,,,,51.47911,27.24859,,,,
18,05/05/2025,glauber,ribeirao,pivo,gener,-19.4000690488101,-47.392561007096,,,6.44559,5.7147765,,,85.386925,,,50.733524,3.670187,3.1555011,1.0378369,0.0,2.4753172,2.9704225,,0.51349825,0.5538027,27.3972,5.5236187,2.0698376,4.3220844,,6.797402,63.680286,0.0,3.0648744,29.759317,,,,,,,,,,,50.88635,27.846632,,,,
19,05/05/2025,glauber,ribeirao,pivo,gener,-19.399166111583682,-47.39254780075692,,,6.197527,5.739443,,,73.25438,,,41.647438,2.2200582,3.029724,1.1016977,0.0,2.0248265,2.694947,,0.55226994,0.6080257,27.192976,6.3620267,2.3514137,4.23973,,6.2645564,67.78313,0.0,2.7592654,30.160212,,,,,,,,,,,51.849113,28.212172,,,,
20,05/05/2025,glauber,ribeirao,pivo,gener,-19.398263174259014,-47.392534595154544,,,6.265719,5.7382574,,,79.503975,,,56.24625,2.8895082,3.1377158,1.1471692,0.0,2.2276556,2.9527779,,0.6102917,0.6719024,26.401388,6.848882,2.5442636,4.4287767,,6.6564326,66.6106,0.0,2.7762756,26.535791,,,,,,,,,,,51.119484,28.053556,,,,
21,05/05/2025,glauber,ribeirao,pivo,gener,-19.3973602368361,-47.392521390288856,,,6.297447,5.7374854,,,75.1887,,,70.56832,3.8211815,3.2172446,1.2055181,0.0,2.3849993,3.302683,,0.66609764,0.7202474,25.565405,6.667021,2.5354054,4.6023917,,6.987391,65.80229,0.0,2.7285535,22.528238,,,,,,,,,,,50.55055,28.238386,,,,
22,05/05/2025,glauber,ribeirao,pivo,gener,-19.396457299314957,-47.39250818615984,,,6.294988,5.6105566,,,65.43042,,,60.537773,4.699779,3.0244193,1.0509663,0.0,2.4395273,3.2447977,,0.64584213,0.7332788,25.912611,7.3638353,2.7780633,4.230005,,6.669532,63.347706,0.0,2.9349673,22.520592,,,,,,,,,,,49.293125,27.570253,,,,
23,05/05/2025,glauber,ribeirao,pivo,gener,-19.395554361695577,-47.39249498276745,,,6.325647,5.5459647,,,68.98394,,,63.73332,4.8108907,2.8428216,0.924953,0.0,2.4007604,3.0403965,,0.5593435,0.76197505,27.345198,9.781444,3.6030285,3.9310422,,6.331803,62.055695,0.0,3.1002045,18.528141,,,,,,,,,,,47.75245,26.834297,,,,
24,05/05/2025,glauber,ribeirao,pivo,gener,-19.403693328311473,-47.39166223416823,,,6.179484,5.665223,,,96.27258,,,52.256714,11.112773,3.463023,1.1290622,0.0040385234,2.4082336,2.9898512,,0.52408147,0.6262334,31.32214,7.4186172,2.6542213,4.7226853,,7.134958,66.1312,0.05371236,3.0860379,28.33473,,,,,,,,,,,52.05167,26.98004,,,,
25,05/05/2025,glauber,ribeirao,pivo,gener,-19.402790390849493,-47.391649030123624,,,6.2382407,5.6372175,,,74.3729,,,57.97028,8.848446,3.2392554,1.0610858,0.005228858,2.5166724,2.9629812,,0.5213593,0.6186612,31.246853,7.2500644,2.597629,4.4464674,,6.9683685,63.750595,0.069543816,3.0847075,25.874182,,,,,,,,,,,53.393898,25.364962,,,,
26,05/05/2025,glauber,ribeirao,pivo,gener,-19.401887453289255,-47.39163582681551,,,6.2542086,5.605148,,,55.081783,,,46.840237,8.536823,2.939756,0.9126094,0.002870582,2.5339844,2.543584,,0.5186775,0.5957146,29.900114,6.6666303,2.4170103,3.969135,,6.50599,60.965702,0.038178742,3.2463322,27.292313,,,,,,,,,,,55.59627,22.33366,,,,
27,05/05/2025,glauber,ribeirao,pivo,gener,-19.40098451563077,-47.39162262424385,,,6.394154,5.6476755,,,80.10552,,,49.622704,5.875992,3.0951695,0.96802866,0.0031267854,2.636491,2.9091978,,0.5085593,0.55168504,27.812626,5.572064,2.0792372,4.1882052,,6.8278227,61.371315,0.041586246,3.2242398,27.812855,,,,,,,,,,,52.653152,25.897095,,,,
28,05/05/2025,glauber,ribeirao,pivo,gener,-19.40008157787404,-47.39160942240864,,,6.501344,5.6950536,,,98.8383,,,52.62829,4.019556,3.1798902,1.0179813,0.0,2.683632,3.0695486,,0.5056525,0.5406781,27.344778,5.299683,1.9949958,4.331456,,7.015088,61.793663,0.0,3.149408,25.692196,,,,,,,,,,,51.15005,27.588963,,,,
29,05/05/2025,glauber,ribeirao,pivo,gener,-19.39917864001906,-47.39159622130987,,,6.199107,5.6526694,,,84.59219,,,47.668762,3.1346393,3.168422,1.045504,0.0,2.4667728,2.9709954,,0.54162234,0.5943789,27.276918,6.4360323,2.3516839,4.3358355,,6.8026085,63.924343,0.0,3.0853229,29.513577,,,,,,,,,,,51.46589,27.605932,,,,
30,05/05/2025,glauber,ribeirao,pivo,gener,-19.398275702065842,-47.3915830209475,,,6.2292194,5.7195864,,,85.101456,,,69.00212,2.887985,3.220984,1.1818115,0.0,2.4235294,3.1302693,,0.5763824,0.6360535,26.59094,7.2365394,2.6048498,4.57874,,7.0022697,65.41228,0.0,2.809312,22.819841,,,,,,,,,,,51.144196,27.689903,,,,
31,05/05/2025,glauber,ribeirao,pivo,gener,-19.397372764014396,-47.39156982132153,,,6.3362412,5.878284,,,96.42135,,,101.714645,2.2828193,3.3507578,1.3909962,0.0,2.2968993,3.250097,,0.5895381,0.6664648,26.332062,7.7120233,2.7837582,5.000656,,7.2975554,68.463295,0.0,2.4418576,15.158981,,,,,,,,,,,50.728382,28.086657,,,,
32,05/05/2025,glauber,ribeirao,pivo,gener,-19.396469825864713,-47.39155662243193,,,6.271867,5.618361,,,63.32772,,,60.59639,3.5462823,3.0574062,1.1614726,0.0,2.6148436,3.3972063,,0.567473,0.7148399,26.934727,8.920122,3.2502747,4.3733907,,6.988234,62.587196,0.0,2.6736627,22.831417,,,,,,,,,,,50.9991,27.156971,,,,
33,05/05/2025,glauber,ribeirao,pivo,gener,-19.395566887616805,-47.39154342427868,,,6.2529473,5.6114864,,,61.124832,,,49.3683,4.1886544,3.0559337,1.144083,0.0,2.352039,3.193248,,0.4970804,0.8041882,28.356401,11.9441805,4.36061,4.326896,,6.678935,64.872955,0.0,2.7138019,29.539167,,,,,,,,,,,50.13769,27.212599,,,,
34,05/05/2025,glauber,ribeirao,pivo,gener,-19.394663949270676,-47.39153022686177,,,6.1945777,5.670419,,,51.46131,,,32.005432,4.182215,3.175807,1.2216085,0.0,1.9399582,3.042319,,0.45956093,0.8553584,29.16122,13.657987,4.983382,4.481007,,6.4209657,69.87245,0.0,2.6102967,42.816463,,,,,,,,,,,50.283363,27.337578,,,,
35,05/05/2025,glauber,ribeirao,pivo,gener,-19.404538233706543,-47.390706883860254,,,6.1577473,5.5807896,,,82.85057,,,49.584213,10.715863,3.2995102,1.0681772,0.007171421,2.6407926,3.0995367,,0.5230969,0.63226765,31.778328,7.601105,2.711469,4.492819,,7.140783,62.92378,0.0953799,3.114888,27.97153,,,,,,,,,,,53.370045,26.064898,,,,
36,05/05/2025,glauber,ribeirao,pivo,gener,-19.403705854915167,-47.39071062778025,,,6.1353693,5.6677423,,,106.37068,,,49.29747,12.406918,3.5526788,1.1537188,0.0042352667,2.3772945,2.9808586,,0.5180392,0.63470787,32.87959,7.7224617,2.7392545,4.829027,,7.210557,66.90979,0.05916148,3.0932653,28.96906,,,,,,,,,,,51.681652,27.487665,,,,
37,05/05/2025,glauber,ribeirao,pivo,gener,-19.402802916824854,-47.390697428977134,,,6.1092424,5.5606885,,,77.44166,,,50.044163,11.468575,3.1920834,1.0140141,0.014847613,2.6853302,3.0017626,,0.512431,0.6381211,34.100273,7.8654323,2.7743447,4.3313,,7.0314775,61.641197,0.19747326,3.1841304,26.892101,,,,,,,,,,,53.627083,25.739605,,,,
38,05/05/2025,glauber,ribeirao,pivo,gener,-19.401899978636294,-47.39068423091021,,,6.1656146,5.5401587,,,54.058655,,,45.66631,9.732143,2.8981354,0.88215345,0.011218856,2.6975198,2.6706405,,0.5133385,0.6278424,33.24917,7.6053247,2.693442,3.893931,,6.6026697,59.138554,0.1492108,3.3090138,26.515774,,,,,,,,,,,55.620388,22.710663,,,,
39,05/05/2025,glauber,ribeirao,pivo,gener,-19.400997040349488,-47.39067103357946,,,6.2341323,5.524405,,,59.240658,,,46.31685,7.090173,2.9690733,0.8659466,0.0059871604,2.6613033,2.8811574,,0.5192342,0.5947759,29.924164,6.725609,2.4270234,3.950356,,6.617646,59.77594,0.07962923,3.4705596,26.8403,,,,,,,,,,,53.872498,24.204185,,,,
40,05/05/2025,glauber,ribeirao,pivo,gener,-19.400094101964445,-47.390657836984865,,,6.213662,5.533377,,,69.56906,,,47.550766,5.18042,3.0436325,0.90151817,0.0032961115,2.701564,2.98249,,0.52722436,0.58410615,28.190805,6.4450336,2.3398867,4.064588,,6.7694483,60.087708,0.04383828,3.4325242,27.369751,,,,,,,,,,,52.690388,25.572706,,,,
41,05/05/2025,glauber,ribeirao,pivo,gener,-19.399191163481163,-47.39064464112641,,,5.990314,5.542224,,,104.99236,,,40.369602,2.7279937,3.3865933,0.9554171,0.0,2.8780825,3.1974604,,0.54969406,0.60148746,27.210457,6.9753847,2.48855,4.4454083,,7.323491,60.70103,0.0,3.555887,33.406967,,,,,,,,,,,50.72135,28.132042,,,,
42,05/05/2025,glauber,ribeirao,pivo,gener,-19.398288224899645,-47.390631446004065,,,6.06123,5.534532,,,79.44105,,,50.559803,3.5576963,3.2438474,1.0795258,0.0,2.7992945,3.3410783,,0.5739976,0.6026182,25.822433,7.4748135,2.588394,4.4519615,,7.251256,61.3721,0.0,3.0788739,28.559698,,,,,,,,,,,51.936726,26.684416,,,,
43,05/05/2025,glauber,ribeirao,pivo,gener,-19.397385286219905,-47.39061825161782,,,6.0568037,5.5118055,,,63.16253,,,53.362434,4.0766354,3.2074137,1.1668873,0.0,2.80245,3.533007,,0.5802171,0.60119563,25.300186,7.686559,2.6328006,4.509671,,7.3121214,61.68717,0.0,2.7838466,27.492216,,,,,,,,,,,52.391945,25.835787,,,,
44,05/05/2025,glauber,ribeirao,pivo,gener,-19.39648234744194,-47.39060505796767,,,6.2625475,5.573413,,,52.684727,,,56.83511,3.2118416,3.011161,1.1691589,0.0,2.820257,3.5920994,,0.55452335,0.675158,26.731234,8.775397,3.1331537,4.324841,,7.1450977,60.51315,0.0,2.5888562,22.244757,,,,,,,,,,,51.898354,26.786638,,,,
45,05/05/2025,glauber,ribeirao,pivo,gener,-19.39557940856575,-47.39059186505357,,,6.2362995,5.573587,,,64.48134,,,47.02187,4.154706,3.0338326,1.1751628,0.0,2.5585861,3.2839465,,0.50988156,0.7661186,27.755709,11.043894,4.026095,4.330053,,6.8886395,62.82847,0.0,2.6125116,29.386894,,,,,,,,,,,50.959076,27.064796,,,,
46,05/05/2025,glauber,ribeirao,pivo,gener,-19.39467646959135,-47.39057867287552,,,6.2801957,5.633738,,,77.17314,,,41.625374,5.250214,3.249284,1.3030318,0.0,2.272748,3.0733945,,0.4981029,0.7878717,27.349474,11.788806,4.3223166,4.6607575,,6.9335055,67.20526,0.0,2.5369592,35.04704,,,,,,,,,,,49.747185,27.698145,,,,
47,05/05/2025,glauber,ribeirao,pivo,gener,-19.393875078551837,-47.39053440070893,,,6.3400645,5.6315513,,,93.28546,,,47.180332,6.0584583,3.3524194,1.3782723,0.0,2.386986,3.0638173,,0.52315843,0.74500656,26.228695,10.574073,3.8933494,4.8535347,,7.240521,66.89428,0.0,2.487237,31.42293,,,,,,,,,,,49.126522,28.077831,,,,
48,05/05/2025,glauber,ribeirao,pivo,gener,-19.404621315164476,-47.389772214953595,,,6.1386704,5.4749856,,,67.779045,,,49.4025,10.159698,3.0959754,1.0043055,0.008158381,2.9149327,3.2042282,,0.52138865,0.6340354,32.0534,7.6739335,2.7337823,4.2272887,,7.1503797,59.086624,0.11732956,3.1038768,25.176783,,,,,,,,,,,55.262775,24.852213,,,,
49,05/05/2025,glauber,ribeirao,pivo,gener,-19.403718376544322,-47.389759020656065,,,6.1483912,5.4433775,,,62.602364,,,49.480766,10.171605,3.0869572,1.0031785,0.006295473,3.0224934,3.2675061,,0.5140279,0.6406692,33.908398,7.9262786,2.797286,4.218652,,7.2474403,58.22224,0.087702274,3.0895636,24.738224,,,,,,,,,,,56.219128,24.133839,,,,
50,05/05/2025,glauber,ribeirao,pivo,gener,-19.40281543782593,-47.38974582709445,,,5.8203197,5.3028364,,,49.968323,,,52.509514,15.077279,2.7524886,0.84824723,0.055167463,3.4330056,3.368052,,0.5036695,0.65421927,36.653404,8.347043,2.9130573,3.7328303,,7.2210035,51.974854,0.74125445,3.2798953,21.323494,,,,,,,,,,,55.735165,25.869534,,,,
51,05/05/2025,glauber,ribeirao,pivo,gener,-19.40191249900929,-47.38973263426874,,,5.7449026,5.2488966,,,41.83312,,,53.15644,16.070581,2.6327505,0.790728,0.06794444,3.5913987,3.4028046,,0.50296587,0.65472203,36.833874,8.370879,2.9185915,3.5564964,,7.21584,49.67733,0.9103694,3.3526523,20.094069,,,,,,,,,,,56.036415,25.984333,,,,
52,05/05/2025,glauber,ribeirao,pivo,gener,-19.401009560094412,-47.38971944217891,,,6.178721,5.4770317,,,53.384407,,,46.605347,7.3592095,2.9186869,0.8330438,0.010692665,2.7241557,2.973164,,0.5213592,0.6204009,31.90375,7.5275598,2.6589475,3.8677425,,6.6025906,58.686672,0.15126866,3.5380967,25.16579,,,,,,,,,,,53.748764,24.45785,,,,
53,05/05/2025,glauber,ribeirao,pivo,gener,-19.40010662108131,-47.38970625082494,,,6.1631513,5.459984,,,57.366024,,,48.56835,5.611694,2.9340549,0.85853153,0.0035888285,2.7694917,3.0018075,,0.53724885,0.60084814,28.70867,7.1254888,2.5243695,3.9144924,,6.687573,58.55428,0.04773142,3.4694293,24.702145,,,,,,,,,,,53.201725,24.663937,,,,
54,05/05/2025,glauber,ribeirao,pivo,gener,-19.39920368196997,-47.38969306020683,,,6.0509577,5.364725,,,65.70292,,,54.853867,4.1309624,2.8423235,0.869775,0.0,2.984807,2.9697306,,0.5530482,0.60095036,27.174618,7.2508173,2.5477614,3.8515246,,6.8363314,56.1157,0.0,3.3367667,22.054693,,,,,,,,,,,52.946198,24.947289,,,,
55,05/05/2025,glauber,ribeirao,pivo,gener,-19.398300742760405,-47.389679870324535,,,6.0307236,5.4478316,,,63.438484,,,48.518517,4.386167,3.1669056,1.0735512,0.0,2.90133,3.4653687,,0.5748563,0.5920424,25.571709,7.4997473,2.5674012,4.3631773,,7.2645073,59.903484,0.0,3.0206726,27.792614,,,,,,,,,,,52.898415,25.326057,,,,
56,05/05/2025,glauber,ribeirao,pivo,gener,-19.397397803452623,-47.38966668117804,,,5.9115167,5.387754,,,55.742065,,,42.847874,4.9704466,3.2640486,1.1556512,0.0,2.9980536,3.7053034,,0.5844688,0.5812284,24.813915,7.560578,2.5462663,4.5276165,,7.52567,60.127514,0.0,2.8395572,31.26595,,,,,,,,,,,53.41924,24.501398,,,,
57,05/05/2025,glauber,ribeirao,pivo,gener,-19.396494864046623,-47.389653492767344,,,6.1501875,5.4802194,,,76.11099,,,43.569843,3.866403,2.9443045,1.1247807,0.0,2.787093,3.2531765,,0.55521315,0.6506843,26.83083,8.226818,2.9202762,4.1812625,,6.9683557,59.834152,0.0,2.639032,29.5291,,,,,,,,,,,51.792156,27.088093,,,,
58,05/05/2025,glauber,ribeirao,pivo,gener,-19.395591924542405,-47.38964030509241,,,6.1634274,5.453956,,,72.18162,,,31.049736,3.9353168,2.5757697,0.9436102,0.0,2.7929866,3.03755,,0.53507876,0.70823675,27.263754,9.331404,3.3993702,3.6015644,,6.3945513,56.27338,0.0,2.7322562,32.832928,,,,,,,,,,,52.011734,25.731743,,,,
59,05/05/2025,glauber,ribeirao,pivo,gener,-19.394688984939982,-47.38962711815324,,,6.436581,5.6484356,,,112.86646,,,49.362705,7.2007413,3.5011842,1.5111235,0.0,2.4743855,2.990987,,0.54503596,0.7064342,24.31396,9.695505,3.6042464,5.1416807,,7.6160665,67.19549,0.0,2.3632498,29.33149,,,,,,,,,,,48.295265,28.570356,,,,
60,05/05/2025,glauber,ribeirao,pivo,gener,-19.39378604523936,-47.389613931949796,,,6.431455,5.6502295,,,114.04117,,,51.950016,7.1507792,3.5373228,1.5084707,0.0,2.4514756,3.008497,,0.54347444,0.708901,24.783535,9.676999,3.5877943,5.181403,,7.632879,67.659164,0.0,2.3916304,28.636992,,,,,,,,,,,48.161083,28.66363,,,,
61,05/05/2025,glauber,ribeirao,pivo,gener,-19.404633832446912,-47.38882060185168,,,6.1260643,5.460765,,,68.72666,,,47.906845,10.04645,3.0255592,0.9787003,0.008488244,2.917377,3.2041366,,0.5214897,0.63274765,31.684196,7.63626,2.7275844,4.127093,,7.052958,58.43309,0.124803975,3.1213925,25.412868,,,,,,,,,,,55.04409,25.316063,,,,
62,05/05/2025,glauber,ribeirao,pivo,gener,-19.40373089319892,-47.38880741279596,,,6.118503,5.4446616,,,65.11859,,,47.97556,10.141505,3.0253365,0.98100454,0.0089598745,2.9801729,3.2589405,,0.51586264,0.63764524,33.21058,7.84433,2.7772312,4.130059,,7.1191916,57.986496,0.12852733,3.1084216,25.299927,,,,,,,,,,,55.491215,24.806921,,,,
63,05/05/2025,glauber,ribeirao,pivo,gener,-19.40282795385269,-47.38879422447587,,,5.9608817,5.42488,,,61.38804,,,46.50702,11.410936,2.9249327,0.94338703,0.02871917,3.0191674,3.360161,,0.5090256,0.6460136,35.166084,8.132181,2.8516653,3.9862328,,7.0341196,56.777367,0.39937314,3.1461759,26.081142,,,,,,,,,,,54.10535,25.307884,,,,
64,05/05/2025,glauber,ribeirao,pivo,gener,-19.40192501440823,-47.388781036891395,,,5.9623256,5.4570055,,,56.108677,,,47.03279,10.69062,2.8823588,0.9155234,0.033320434,2.958845,3.242731,,0.51065725,0.6420339,34.84155,8.083275,2.830131,3.9165552,,6.9087205,56.91908,0.46795598,3.1932147,25.567677,,,,,,,,,,,53.785046,25.705221,,,,
65,05/05/2025,glauber,ribeirao,pivo,gener,-19.401022074865534,-47.3887678500425,,,6.2394,5.797512,,,53.023216,,,42.462845,4.092893,3.1224232,0.9877789,0.0065639056,2.2552752,2.7970972,,0.527443,0.60990006,30.830494,7.49629,2.6265306,4.2176514,,6.4794903,65.199265,0.09927162,3.1799212,29.633905,,,,,,,,,,,51.453587,27.440619,,,,
66,05/05/2025,glauber,ribeirao,pivo,gener,-19.40011913522461,-47.38875466392919,,,6.134792,5.51244,,,55.800083,,,50.44407,5.4618373,2.9300861,0.9047404,0.0074713603,2.7197537,3.0116038,,0.54166245,0.5801063,27.85374,7.111257,2.4643404,3.962518,,6.689743,59.12379,0.11793561,3.2918453,24.205202,,,,,,,,,,,52.791824,25.466688,,,,
67,05/05/2025,glauber,ribeirao,pivo,gener,-19.39921619548547,-47.388741478551424,,,6.0382795,5.3001904,,,57.610085,,,57.338364,4.639157,2.712049,0.8312174,0.001438997,3.068454,2.9706593,,0.5490639,0.5810446,26.951118,7.1238666,2.4692698,3.689031,,6.7589235,54.291355,0.026045846,3.3321323,19.50472,,,,,,,,,,,53.42771,24.30818,,,,
68,05/05/2025,glauber,ribeirao,pivo,gener,-19.3983132556481,-47.38872829390919,,,6.2518044,5.6163125,,,50.158997,,,50.620983,3.4819856,3.278616,1.160239,0.0,2.685087,3.7349763,,0.5554521,0.60412276,26.794123,7.359564,2.583174,4.565684,,7.2507706,62.774635,0.0,2.881111,25.942575,,,,,,,,,,,52.58212,26.11891,,,,
69,05/05/2025,glauber,ribeirao,pivo,gener,-19.397410315712523,-47.38871511000247,,,6.1583495,5.488276,,,70.35243,,,45.1137,3.985206,3.0790079,1.1321875,0.0,2.8353531,3.466879,,0.55246395,0.62627006,27.087605,7.4918213,2.6742387,4.3256817,,7.1610346,60.220623,0.0,2.7556455,28.094025,,,,,,,,,,,52.605793,26.970842,,,,
70,05/05/2025,glauber,ribeirao,pivo,gener,-19.39650737567874,-47.38870192683125,,,6.1587987,5.363529,,,122.07469,,,31.074423,2.3243918,2.66543,1.1384491,0.0,2.899812,2.6445398,,0.53741443,0.66133106,28.33933,7.6577063,2.8026834,3.885694,,6.7855062,57.24533,0.0,2.3393092,33.83718,,,,,,,,,,,52.20778,31.451324,,,,
71,05/05/2025,glauber,ribeirao,pivo,gener,-19.39560443554674,-47.388688744395516,,,6.1931553,5.4735794,,,95.268135,,,46.693386,4.5173945,3.003735,1.1447684,0.0,2.7447622,3.1372807,,0.53330916,0.6929634,29.522837,8.183973,2.9674706,4.268836,,7.013598,60.5628,0.0,2.6358523,28.302227,,,,,,,,,,,50.93963,27.748648,,,,
72,05/05/2025,glauber,ribeirao,pivo,gener,-19.394701495316546,-47.38867556269523,,,6.1541705,5.4922705,,,90.06576,,,74.07594,6.1530695,3.333339,1.2360251,0.0,2.5494204,3.2578557,,0.5368338,0.7087111,29.124098,8.752596,3.1543782,4.7582693,,7.3076897,64.990456,0.0,2.7103355,19.55948,,,,,,,,,,,48.116802,28.726984,,,,
73,05/05/2025,glauber,ribeirao,pivo,gener,-19.39379855498816,-47.3886623817304,,,6.2428074,5.53765,,,102.44433,,,65.25874,6.175293,3.3717294,1.2836692,0.0,2.5505826,3.185077,,0.5381895,0.7113418,28.634745,8.954411,3.2340586,4.822463,,7.3730454,65.22332,0.0,2.661697,22.861713,,,,,,,,,,,48.568577,28.379839,,,,
74,05/05/2025,glauber,ribeirao,pivo,gener,-19.40464634475453,-47.387868988014105,,,6.113216,5.445014,,,76.75135,,,44.78617,10.224965,2.9130852,0.9154098,0.0064252396,2.8810894,3.1467268,,0.52229905,0.6292144,30.740288,7.496024,2.6980796,3.9416215,,6.8291364,57.58219,0.098001465,3.2226486,25.910791,,,,,,,,,,,54.035072,27.459013,,,,
75,05/05/2025,glauber,ribeirao,pivo,gener,-19.40374340487894,-47.38785580420023,,,6.1131053,5.417915,,,80.84005,,,43.951965,10.821782,2.821953,0.86286956,0.0024180138,2.8857017,3.1155837,,0.51968324,0.6294999,31.385992,7.57304,2.7112856,3.795348,,6.6834674,56.724895,0.03697126,3.2915533,25.325216,,,,,,,,,,,53.85938,29.041964,,,,
76,05/05/2025,glauber,ribeirao,pivo,gener,-19.40284046490513,-47.387842621121685,,,6.0196004,5.56365,,,77.73962,,,38.179325,8.619867,3.1642308,1.0885136,0.0054850494,2.602516,3.6260755,,0.5188548,0.6280567,31.812763,7.6343446,2.7161467,4.3504815,,6.9584827,62.4189,0.08570775,2.9288886,33.46228,,,,,,,,,,,51.445084,24.131111,,,,
77,05/05/2025,glauber,ribeirao,pivo,gener,-19.40193752483309,-47.38782943877845,,,6.0128903,5.533201,,,72.61544,,,42.867588,8.231046,2.9885347,1.0107017,0.017656185,2.656563,3.3095133,,0.5237082,0.61647165,30.960789,7.521894,2.6596196,4.1085987,,6.782818,60.149174,0.29314035,2.9891129,29.497889,,,,,,,,,,,52.34628,24.789698,,,,
78,05/05/2025,glauber,ribeirao,pivo,gener,-19.401034584662824,-47.38781625717052,,,6.1427045,5.6540513,,,61.22951,,,46.27554,5.75205,2.954532,0.9615736,0.018970808,2.4595346,2.8705993,,0.53586674,0.58327895,28.51148,7.1730576,2.4924417,4.0335827,,6.5120883,61.497265,0.3258553,3.0950308,26.82329,,,,,,,,,,,52.345608,26.683088,,,,
79,05/05/2025,glauber,ribeirao,pivo,gener,-19.40013164439434,-47.38780307629787,,,6.3405547,5.6298676,,,59.05518,,,52.560883,6.8609204,3.190882,1.0423793,0.009487792,2.550128,3.437831,,0.54719865,0.5293263,25.928566,6.723939,2.2366142,4.367447,,6.9270625,62.641758,0.16067284,3.1044254,24.781813,,,,,,,,,,,52.134323,25.975056,,,,
80,05/05/2025,glauber,ribeirao,pivo,gener,-19.399228704027642,-47.38778989616048,,,6.398249,5.600125,,,57.00276,,,54.27386,6.7402854,3.2831492,1.0852761,0.002898715,2.618416,3.7012658,,0.54884475,0.52592075,25.64062,6.691333,2.219339,4.506904,,7.128219,62.888607,0.052466743,3.083098,24.277403,,,,,,,,,,,52.146076,25.804867,,,,
81,05/05/2025,glauber,ribeirao,pivo,gener,-19.39832576356272,-47.38777671675833,,,6.2516155,5.5908504,,,55.421444,,,50.658962,5.0903463,3.2609477,1.1128739,0.0,2.7192507,3.701796,,0.54454184,0.5960522,27.15675,7.1133223,2.519658,4.5010886,,7.2203393,62.15506,0.0,3.0216293,25.654493,,,,,,,,,,,53.046734,25.60496,,,,
82,05/05/2025,glauber,ribeirao,pivo,gener,-19.3974228229996,-47.387763538091406,,,6.1783266,5.4746304,,,72.60741,,,48.362667,5.1600738,3.1025472,1.0904806,0.0,2.8704128,3.5577347,,0.52589417,0.6473688,28.289267,7.0119743,2.6592793,4.3154416,,7.1858544,59.83175,0.0,2.9102082,25.8791,,,,,,,,,,,53.02634,25.924442,,,,
83,05/05/2025,glauber,ribeirao,pivo,gener,-19.39651988233828,-47.387750360159686,,,6.0731244,5.3321047,,,84.049355,,,46.478638,4.8017464,2.9045029,1.0980805,0.0,3.064207,3.526348,,0.50368875,0.66990656,28.838385,6.5780597,2.6542244,4.121579,,7.1857862,57.20702,0.0,2.6596518,25.647678,,,,,,,,,,,52.685654,26.309849,,,,
84,05/05/2025,glauber,ribeirao,pivo,gener,-19.39561694157875,-47.38773718296315,,,6.209246,5.4679537,,,115.714775,,,55.884457,5.1273713,3.20848,1.1594123,0.0,2.82892,3.3049567,,0.52175534,0.69755393,32.907593,7.1948013,2.593771,4.51016,,7.33908,61.17183,0.0,2.776948,24.287836,,,,,,,,,,,51.05496,27.073206,,,,
85,05/05/2025,glauber,ribeirao,pivo,gener,-19.39471400072103,-47.387724006501784,,,6.2561474,5.5335283,,,137.03882,,,70.66521,5.5944867,3.4200969,1.2147074,0.0,2.66444,3.1955838,,0.5306646,0.73037106,38.20541,7.3798165,2.3953872,4.8138337,,7.478274,64.28593,0.0,2.8175173,20.31278,,,,,,,,,,,49.135826,27.787148,,,,
86,05/05/2025,glauber,ribeirao,pivo,gener,-19.393811059765124,-47.38771083077557,,,6.267358,5.549258,,,123.82647,,,67.92545,5.5922704,3.4241207,1.2352896,0.0,2.6108088,3.211849,,0.53382266,0.7200019,34.811672,7.8677,2.671415,4.832092,,7.442901,64.78484,0.0,2.7822042,21.587795,,,,,,,,,,,49.100964,27.972193,,,,
87,05/05/2025,glauber,ribeirao,pivo,gener,-19.404607595221194,-47.38693795376695,,,6.1302414,5.472046,,,77.22592,,,44.21607,9.479879,2.974538,0.9545405,0.0070974235,2.84354,3.1570423,,0.52122957,0.62595904,29.802317,7.3263974,2.665025,4.040568,,6.8912053,58.38952,0.112002045,3.1726365,26.97015,,,,,,,,,,,53.684155,27.022093,,,,
88,05/05/2025,glauber,ribeirao,pivo,gener,-19.40375591158437,-47.38690419486916,,,6.163038,5.5019164,,,77.08708,,,43.804733,8.551148,3.0644033,1.0079026,0.0067320066,2.7823284,3.203935,,0.5187983,0.62341094,29.676619,7.264314,2.6479719,4.182586,,6.971647,59.635082,0.10883454,3.1082942,28.131985,,,,,,,,,,,53.13766,26.645866,,,,
89,05/05/2025,glauber,ribeirao,pivo,gener,-19.40285297098322,-47.38689101703218,,,6.158138,5.550339,,,74.71657,,,43.079227,7.1421447,3.1641796,1.09243,0.0125903515,2.7005324,3.251455,,0.5186261,0.6186881,29.4356,7.2082105,2.6243496,4.365361,,7.078484,61.121334,0.21286392,2.9539506,30.628351,,,,,,,,,,,52.60635,24.716827,,,,
90,05/05/2025,glauber,ribeirao,pivo,gener,-19.401950030283857,-47.386877839930214,,,5.860651,5.350241,,,78.4804,,,51.430637,8.743995,2.483921,0.8424852,0.048674688,2.9070482,2.7277782,,0.52405703,0.60738224,28.822079,7.1507635,2.5787652,3.4572558,,6.4129786,52.542774,0.86904603,2.9885318,21.913397,,,,,,,,,,,54.68533,25.366491,,,,
91,05/05/2025,glauber,ribeirao,pivo,gener,-19.401047089486273,-47.38686466356326,,,5.6286893,5.1674123,,,79.18402,,,58.592926,9.398785,1.9513508,0.6517431,0.07798972,3.0679812,2.2671196,,0.5361245,0.57977146,27.588398,7.0309167,2.4671607,2.7522879,,5.8982587,45.623,1.4071361,3.0101366,14.612208,,,,,,,,,,,56.204346,26.109219,,,,
92,05/05/2025,glauber,ribeirao,pivo,gener,-19.40014414859047,-47.386851487931295,,,6.2991424,5.5885715,,,66.069405,,,51.165035,7.8444424,3.1434991,1.0395597,0.0128809195,2.6407032,3.3902428,,0.54710954,0.53291684,25.917896,6.7435637,2.2576241,4.3140836,,6.967668,61.238155,0.23314464,3.060684,26.167227,,,,,,,,,,,52.89826,25.269878,,,,
93,05/05/2025,glauber,ribeirao,pivo,gener,-19.399241207596468,-47.386838313034296,,,6.3739586,5.608367,,,64.047165,,,52.86136,7.7818465,3.2926772,1.0669379,0.0038443527,2.6287725,3.6059,,0.54904556,0.53117347,25.761702,6.738549,2.2515912,4.4946303,,7.1272473,62.727406,0.06958278,3.1545877,25.199272,,,,,,,,,,,52.604652,25.204132,,,,
94,05/05/2025,glauber,ribeirao,pivo,gener,-19.39833826650425,-47.38682513887225,,,6.0333204,5.340711,,,70.72216,,,49.0576,11.310989,2.8957572,0.74329007,0.0,3.0699117,3.377932,,0.5451945,0.5985591,27.32886,7.1399984,2.551701,3.7603827,,6.830294,54.996956,0.0,3.943956,23.14599,,,,,,,,,,,56.82321,22.02382,,,,
95,05/05/2025,glauber,ribeirao,pivo,gener,-19.397435325313836,-47.38681196544513,,,6.1552415,5.4444137,,,77.50023,,,51.7485,7.9423103,3.1260777,0.999345,0.0,2.9389,3.5225627,,0.52329385,0.6510915,28.53472,6.9336,2.6707299,4.256657,,7.195557,58.91804,0.0,3.232349,23.996845,,,,,,,,,,,53.80146,24.600882,,,,
96,05/05/2025,glauber,ribeirao,pivo,gener,-19.396532384025225,-47.38679879275293,,,6.0273633,5.2872868,,,71.575066,,,50.22384,5.549523,2.9138172,1.0673188,0.0,3.1751409,3.8054996,,0.49711904,0.67022425,28.672005,6.366188,2.636612,4.109478,,7.2846193,56.260593,0.0,2.7343645,22.952908,,,,,,,,,,,53.07978,24.833988,,,,
97,05/05/2025,glauber,ribeirao,pivo,gener,-19.395629442638416,-47.38678562079562,,,6.334871,5.5611115,,,131.24046,,,60.55372,5.0016546,3.4977782,1.1804838,0.0,2.7031596,3.372307,,0.5211777,0.70291674,34.471737,6.998344,2.4810767,4.8315573,,7.5347166,63.783916,0.0,2.957613,23.228283,,,,,,,,,,,50.717453,26.89966,,,,
98,05/05/2025,glauber,ribeirao,pivo,gener,-19.394726501153425,-47.38677244957318,,,6.422014,5.6040077,,,220.01492,,,67.40836,5.159078,3.5891156,1.2038474,0.0,2.8336904,3.0376835,,0.53009385,0.7460214,41.89111,7.0683684,2.1526976,4.96164,,7.79533,63.60758,0.0,2.9788353,21.009047,,,,,,,,,,,50.30774,26.316696,,,,
99,05/05/2025,glauber,ribeirao,pivo,gener,-19.39392977650737,-47.38678562150514,,,6.3608785,5.594223,,,158.79736,,,65.01646,5.258012,3.5382276,1.2157334,0.0,2.6650314,3.1719534,,0.5325328,0.72738415,37.879326,7.4185543,2.4167178,4.918222,,7.5832534,64.692894,0.0,2.9193282,22.488628,,,,,,,,,,,49.910324,27.222866,,,,
100,05/05/2025,glauber,ribeirao,pivo,gener,-19.40376841331519,-47.38595258480304,,,6.292432,5.6066384,,,72.20596,,,42.262886,5.323709,3.3997438,1.1961358,0.0059456313,2.6494238,3.2630253,,0.51160526,0.62113047,28.474127,6.9576545,2.5966213,4.7015676,,7.3569374,63.562157,0.09860565,2.907836,32.722847,,,,,,,,,,,52.165382,24.251862,,,,
101,05/05/2025,glauber,ribeirao,pivo,gener,-19.40286547208697,-47.38593941220764,,,6.3863316,5.6741714,,,71.26078,,,41.306927,3.1894653,3.6291754,1.3212799,0.0026839625,2.4938483,3.2759585,,0.50529146,0.61811686,27.98107,6.769424,2.5574214,5.0529075,,7.54944,66.74963,0.04608817,2.777962,34.945072,,,,,,,,,,,51.169434,23.538904,,,,
102,05/05/2025,glauber,ribeirao,pivo,gener,-19.40196253076052,-47.385926240346976,,,6.1959386,5.575701,,,92.8969,,,47.38177,7.6910357,3.0434456,1.0493075,0.018335553,2.7628827,3.0423625,,0.5078408,0.6133026,27.714405,6.75084,2.5408704,4.2133093,,6.9945273,59.44497,0.3318735,2.9677405,27.697025,,,,,,,,,,,53.907776,23.575197,,,,
103,05/05/2025,glauber,ribeirao,pivo,gener,-19.401059589335862,-47.38591306922101,,,6.239534,5.626723,,,103.46935,,,48.552616,8.376024,3.051805,1.0667773,0.018384408,2.665413,2.9787555,,0.52581656,0.5992201,27.498465,6.952043,2.533548,4.2427917,,6.926589,60.400352,0.33275777,2.9119189,27.201368,,,,,,,,,,,54.13807,22.960827,,,,
104,05/05/2025,glauber,ribeirao,pivo,gener,-19.400156647813,-47.38589989882975,,,6.2664905,5.653956,,,65.9192,,,37.766087,8.3842125,3.2945611,1.0999829,0.003334949,2.617959,3.1304643,,0.5435585,0.58074427,26.999735,7.0891166,2.5044224,4.492185,,7.113479,62.987926,0.060362577,3.007907,35.80793,,,,,,,,,,,53.754673,23.621826,,,,
105,05/05/2025,glauber,ribeirao,pivo,gener,-19.39925370619193,-47.385886729173166,,,6.2830124,5.615017,,,71.46482,,,46.693333,7.7450814,3.3132057,1.064575,0.0033124527,2.6561422,3.273296,,0.55415386,0.5853256,26.957891,7.2868233,2.575257,4.497729,,7.1571836,62.638165,0.059955392,3.1562376,30.447567,,,,,,,,,,,53.136826,24.580475,,,,
106,05/05/2025,glauber,ribeirao,pivo,gener,-19.398350764472667,-47.385873560251234,,,6.249704,5.5293994,,,76.55141,,,54.67173,7.0639157,3.3466332,1.0128148,0.0,2.788803,3.4209535,,0.56223834,0.6147608,27.507162,7.6245427,2.766256,4.4995914,,7.2883945,61.583588,0.0,3.3745244,25.117548,,,,,,,,,,,53.043423,24.807379,,,,
107,05/05/2025,glauber,ribeirao,pivo,gener,-19.397447822655206,-47.38586039206395,,,6.216053,5.5560594,,,81.08601,,,54.420654,9.862572,3.299423,1.079585,0.0,2.8396187,3.3527243,,0.5555268,0.64209163,28.318645,7.612801,2.834559,4.5196414,,7.35926,61.299717,0.0,3.0877752,24.032652,,,,,,,,,,,52.421417,25.271069,,,,
108,05/05/2025,glauber,ribeirao,pivo,gener,-19.396544880739558,-47.385847224611275,,,6.266139,5.589289,,,91.90329,,,57.62055,8.652494,3.4228058,1.129901,0.0,2.7610662,3.3679147,,0.53787565,0.66377544,29.685322,7.318865,2.7508588,4.701205,,7.462271,62.803375,0.0,3.033859,23.53405,,,,,,,,,,,51.6654,25.988562,,,,
109,05/05/2025,glauber,ribeirao,pivo,gener,-19.39564193872572,-47.385834057893206,,,6.7526402,5.9084,,,135.40836,,,70.2614,2.9842544,4.4485717,1.3240831,0.0,1.8861266,3.4613364,,0.534611,0.6884452,32.82335,7.3260593,2.6161556,5.948616,,7.8347425,75.77282,0.0,3.3538384,24.799864,,,,,,,,,,,47.846523,29.892136,,,,
110,05/05/2025,glauber,ribeirao,pivo,gener,-19.394738996613697,-47.385820891909724,,,6.5894914,5.776718,,,140.71138,,,67.681015,3.955965,4.0717483,1.2709122,0.0,2.2288008,3.3771257,,0.53512925,0.71047026,35.926266,7.385907,2.4898756,5.5130663,,7.741867,70.94122,0.0,3.195783,23.803785,,,,,,,,,,,48.93324,28.678162,,,,
111,05/05/2025,glauber,ribeirao,pivo,gener,-19.40369155881755,-47.385093569178075,,,6.2294755,5.552486,,,71.43091,,,42.817173,6.7129655,3.243257,1.095999,0.0078012045,2.8719165,3.2963133,,0.5029118,0.6206964,27.797651,6.7157145,2.5588257,4.447034,,7.3267517,60.46025,0.13047644,3.054524,31.587265,,,,,,,,,,,53.318977,24.106426,,,,
112,05/05/2025,glauber,ribeirao,pivo,gener,-19.402877968216334,-47.38498780664838,,,6.1925797,5.4997044,,,68.40332,,,43.086517,6.987396,3.1682575,1.0000365,0.004592296,3.1862147,3.413935,,0.48868933,0.61967367,27.219791,6.39158,2.5010407,4.277133,,7.46794,57.29461,0.08312056,3.296398,30.449347,,,,,,,,,,,54.461143,23.73579,,,,
113,05/05/2025,glauber,ribeirao,pivo,gener,-19.40197502626306,-47.384974640029014,,,6.175505,5.47603,,,73.025665,,,44.12071,7.906356,3.0921125,0.9380062,0.003329795,3.3813002,3.475544,,0.48442015,0.6194432,27.054695,6.295628,2.4840353,4.1422234,,7.5268536,55.198765,0.06026929,3.4205222,28.901163,,,,,,,,,,,55.562763,23.100739,,,,
114,05/05/2025,glauber,ribeirao,pivo,gener,-19.401072084211577,-47.38496147414407,,,6.3741345,5.714014,,,108.75611,,,44.227608,9.055462,3.258619,1.146462,0.004297761,2.649669,3.1198318,,0.51087373,0.6138795,27.355127,6.7644415,2.5599148,4.518059,,7.1720257,62.838223,0.07778947,2.8947477,32.757553,,,,,,,,,,,53.896088,22.276354,,,,
115,05/05/2025,glauber,ribeirao,pivo,gener,-19.400169142061902,-47.38494830899353,,,6.309478,5.6583138,,,77.8659,,,39.52848,9.571463,3.2546153,1.0978311,0.0042495425,2.6616826,3.1270568,,0.5430254,0.60767126,27.364704,7.305033,2.6696508,4.453261,,7.119193,62.352547,0.07691672,2.9971461,37.7642,,,,,,,,,,,53.214127,24.418571,,,,
116,05/05/2025,glauber,ribeirao,pivo,gener,-19.399266199814022,-47.384935144577376,,,6.32979,5.661035,,,80.11952,,,48.65477,7.2479687,3.4128892,1.0920047,0.002450852,2.6129024,3.238144,,0.5715425,0.6123008,27.203367,7.8571486,2.8570364,4.6297727,,7.245126,63.8058,0.044360418,3.1649652,31.102018,,,,,,,,,,,52.12959,25.576508,,,,
117,05/05/2025,glauber,ribeirao,pivo,gener,-19.398363257467956,-47.384921980895584,,,6.3024054,5.5628386,,,81.50163,,,58.23574,5.1573615,3.4887443,1.0596883,0.0,2.724828,3.4005814,,0.6059614,0.62243664,26.845488,8.585435,3.1519113,4.6991687,,7.423997,63.28551,0.0,3.3225818,24.603579,,,,,,,,,,,52.032284,25.539152,,,,
118,05/05/2025,glauber,ribeirao,pivo,gener,-19.3974603150237,-47.384908817948144,,,6.317555,5.6267753,,,76.79197,,,59.376102,7.3161535,3.505682,1.1425831,0.0,2.7094827,3.6777942,,0.6198539,0.62839055,26.778053,8.888081,3.2787225,4.800773,,7.510256,63.811634,0.0,3.0934298,24.301903,,,,,,,,,,,51.854435,26.468933,,,,
119,05/05/2025,glauber,ribeirao,pivo,gener,-19.39655737248126,-47.38489565573502,,,6.4254255,5.751185,,,99.61223,,,69.918015,4.024007,3.8299146,1.2399195,0.0,2.5607016,3.4576912,,0.58650583,0.64550495,28.342081,8.295688,3.049421,5.251686,,7.812388,67.08926,0.0,3.0917287,21.810814,,,,,,,,,,,50.803276,27.055664,,,,
120,05/05/2025,glauber,ribeirao,pivo,gener,-19.39565442984064,-47.384882494256225,,,6.4935346,5.769424,,,111.08856,,,69.162735,3.8687077,3.9416423,1.2529485,0.0,2.4074006,3.4557023,,0.5587729,0.6678835,30.589134,7.8387027,2.829484,5.3722353,,7.779636,68.88057,0.0,3.1439471,22.648375,,,,,,,,,,,50.04303,27.804783,,,,
121,05/05/2025,glauber,ribeirao,pivo,gener,-19.402796174244376,-47.3841339091983,,,6.133695,5.4267898,,,61.77352,,,42.769108,7.829342,3.0619767,0.8984745,0.002952394,3.500121,3.5313516,,0.4856973,0.6199774,27.098303,6.3262773,2.4914904,4.0687737,,7.5718474,53.888836,0.053438336,3.51563,29.750134,,,,,,,,,,,55.62663,23.666748,,,,
122,05/05/2025,glauber,ribeirao,pivo,gener,-19.40198751679145,-47.384023038976636,,,6.162211,5.45861,,,65.45609,,,41.270035,8.636364,3.0623977,0.9213108,0.002933506,3.4021146,3.455396,,0.48717538,0.6198145,27.093954,6.351294,2.4971104,4.0882053,,7.4932537,54.749424,0.053096455,3.43175,32.341133,,,,,,,,,,,55.391876,23.731071,,,,
123,05/05/2025,glauber,ribeirao,pivo,gener,-19.401084574113398,-47.384009878332726,,,6.29549,5.5772066,,,71.5029,,,26.077026,14.629022,3.0081377,1.0547364,0.001860062,2.8820803,3.000793,,0.51109385,0.6185345,27.348843,6.8007817,2.59095,4.1273775,,7.011318,58.819603,0.033667125,2.8796394,55.329796,,,,,,,,,,,53.799732,24.701174,,,,
124,05/05/2025,glauber,ribeirao,pivo,gener,-19.400181631337155,-47.38399671842293,,,6.3432097,5.652341,,,74.156555,,,27.495865,13.90108,3.1146727,1.091952,0.0016272315,2.7181454,2.9687924,,0.5468437,0.61804944,27.416042,7.4646482,2.761836,4.274657,,6.994429,61.009686,0.029452888,2.8658144,54.18414,,,,,,,,,,,52.83722,25.565077,,,,
125,05/05/2025,glauber,ribeirao,pivo,gener,-19.39927868846272,-47.38398355924722,,,6.6672626,6.207596,,,103.82381,,,38.339027,6.794063,3.8713758,1.3278018,0.0004667543,1.7674975,2.8289747,,0.58650714,0.62114865,27.080912,8.2296505,3.0220754,5.293541,,7.0615053,74.992065,0.008448253,2.926991,40.9293,,,,,,,,,,,46.636303,30.743055,,,,
126,05/05/2025,glauber,ribeirao,pivo,gener,-19.398375745490103,-47.38397040080559,,,6.4314094,5.7881227,,,78.54316,,,53.666565,6.9835825,3.6136649,1.2059654,0.0,2.444853,3.6451886,,0.6362456,0.6224012,26.197643,9.198537,3.3937924,4.9556723,,7.4005256,67.079994,0.0,3.020786,29.540785,,,,,,,,,,,50.522892,27.967817,,,,
127,05/05/2025,glauber,ribeirao,pivo,gener,-19.397472802419298,-47.38395724309801,,,6.335039,5.609529,,,53.23426,,,66.24637,7.045376,3.5462017,1.2067438,0.0,2.7797387,4.5843306,,0.6581707,0.62038755,25.67417,9.616137,3.5567677,4.9211035,,7.7008424,63.90047,0.0,2.9451156,21.18825,,,,,,,,,,,52.113247,28.213352,,,,
128,05/05/2025,glauber,ribeirao,pivo,gener,-19.39656985925032,-47.38394408612446,,,6.411649,5.7252655,,,92.859314,,,67.17597,4.725456,3.7585187,1.2253447,0.0,2.5848887,3.6113634,,0.6173864,0.6336065,27.1506,8.88295,3.2666652,5.1575127,,7.742401,66.48537,0.0,3.0738997,22.973312,,,,,,,,,,,51.010468,27.274776,,,,
129,05/05/2025,glauber,ribeirao,pivo,gener,-19.395760006996838,-47.38402270307068,,,6.4365225,5.743734,,,102.700096,,,68.83043,4.076839,3.8303308,1.2372622,0.0,2.5227761,3.4821625,,0.5803758,0.65260184,29.018923,8.251511,3.0018532,5.245544,,7.76832,67.378685,0.0,3.0997634,22.370289,,,,,,,,,,,50.590305,27.36228,,,,
130,05/05/2025,glauber,ribeirao,pivo,gener,-19.40108026699519,-47.383112246366885,,,6.310045,5.618742,,,74.70988,,,32.57815,12.382474,3.1229935,1.0693319,0.00303712,2.812814,3.0808258,,0.525428,0.6213542,27.500263,7.0962253,2.670065,4.273777,,7.089628,60.19988,0.05497187,2.9622252,47.524635,,,,,,,,,,,53.276913,25.085049,,,,
131,05/05/2025,glauber,ribeirao,pivo,gener,-19.40019411563875,-47.38304512711823,,,6.383496,5.7390966,,,80.397385,,,35.296963,10.996997,3.2940466,1.1275733,0.0026248803,2.5726426,3.0610716,,0.55190325,0.6230147,27.49441,7.603197,2.8161864,4.509817,,7.0850844,63.55601,0.047510333,2.9522014,44.888165,,,,,,,,,,,51.820843,26.319256,,,,
132,05/05/2025,glauber,ribeirao,pivo,gener,-19.39929117213801,-47.38303197318299,,,6.536038,5.9938035,,,93.371735,,,41.229977,7.836062,3.6560822,1.2413273,0.001591858,2.128626,3.031584,,0.5847697,0.6250808,27.204418,8.234424,3.0301552,5.000296,,7.130514,70.14654,0.02881263,2.9706151,38.841076,,,,,,,,,,,48.900143,28.885365,,,,
133,05/05/2025,glauber,ribeirao,pivo,gener,-19.398388228539083,-47.38301881998153,,,6.4670873,5.8462653,,,83.79376,,,50.212208,7.3329124,3.6388187,1.2145455,0.0,2.3690588,3.4598532,,0.61821973,0.6255756,26.6651,8.875377,3.2688956,4.980268,,7.3493266,67.89346,0.0,3.0250754,32.363556,,,,,,,,,,,50.187073,28.059418,,,,
134,05/05/2025,glauber,ribeirao,pivo,gener,-19.397512463392207,-47.38307956629976,,,6.384699,5.69739,,,73.28863,,,59.3766,6.9148793,3.5879438,1.1957834,0.0,2.6039865,3.9027123,,0.63386285,0.6256021,26.38825,9.174863,3.3832347,4.9350057,,7.5389924,65.45109,0.0,3.0176663,25.964848,,,,,,,,,,,51.38201,27.507927,,,,
